--
-- PostgreSQL database dump
--

-- Dumped from database version 15.4
-- Dumped by pg_dump version 15.3

-- Started on 2023-09-04 00:21:28 +03

SET statement_timeout = 0;
SET lock_timeout = 0;
SET idle_in_transaction_session_timeout = 0;
SET client_encoding = 'UTF8';
SET standard_conforming_strings = on;
SELECT pg_catalog.set_config('search_path', '', false);
SET check_function_bodies = false;
SET xmloption = content;
SET client_min_messages = warning;
SET row_security = off;

SET default_tablespace = '';

SET default_table_access_method = heap;

--
-- TOC entry 216 (class 1259 OID 16469)
-- Name: account; Type: TABLE; Schema: public; Owner: skynet
--

CREATE TABLE public.account (
    id bigint NOT NULL,
    owner_id integer NOT NULL,
    bank_id integer NOT NULL,
    balance numeric,
    currency text NOT NULL,
    opening_date timestamp without time zone DEFAULT now() NOT NULL
);


ALTER TABLE public.account OWNER TO skynet;

--
-- TOC entry 215 (class 1259 OID 16468)
-- Name: account_id_seq; Type: SEQUENCE; Schema: public; Owner: skynet
--

ALTER TABLE public.account ALTER COLUMN id ADD GENERATED ALWAYS AS IDENTITY (
    SEQUENCE NAME public.account_id_seq
    START WITH 1000000000
    INCREMENT BY 1
    NO MINVALUE
    MAXVALUE 9999999999
    CACHE 1
);


--
-- TOC entry 218 (class 1259 OID 16491)
-- Name: bank; Type: TABLE; Schema: public; Owner: skynet
--

CREATE TABLE public.bank (
    id integer NOT NULL,
    name text NOT NULL
);


ALTER TABLE public.bank OWNER TO skynet;

--
-- TOC entry 217 (class 1259 OID 16490)
-- Name: bank_id_seq; Type: SEQUENCE; Schema: public; Owner: skynet
--

ALTER TABLE public.bank ALTER COLUMN id ADD GENERATED ALWAYS AS IDENTITY (
    SEQUENCE NAME public.bank_id_seq
    START WITH 1
    INCREMENT BY 1
    NO MINVALUE
    NO MAXVALUE
    CACHE 1
);


--
-- TOC entry 219 (class 1259 OID 16513)
-- Name: transaction; Type: TABLE; Schema: public; Owner: skynet
--

CREATE TABLE public.transaction (
    id integer NOT NULL,
    operation_type text NOT NULL,
    amount numeric NOT NULL,
    from_account_number bigint,
    to_account_number bigint,
    date timestamp without time zone DEFAULT now() NOT NULL
);


ALTER TABLE public.transaction OWNER TO skynet;

--
-- TOC entry 220 (class 1259 OID 16521)
-- Name: transaction_id_seq; Type: SEQUENCE; Schema: public; Owner: skynet
--

ALTER TABLE public.transaction ALTER COLUMN id ADD GENERATED BY DEFAULT AS IDENTITY (
    SEQUENCE NAME public.transaction_id_seq
    START WITH 1
    INCREMENT BY 1
    NO MINVALUE
    NO MAXVALUE
    CACHE 1
);


--
-- TOC entry 214 (class 1259 OID 16458)
-- Name: users; Type: TABLE; Schema: public; Owner: skynet
--

CREATE TABLE public.users (
    id integer NOT NULL,
    first_name text,
    last_name text
);


ALTER TABLE public.users OWNER TO skynet;

--
-- TOC entry 3637 (class 0 OID 16469)
-- Dependencies: 216
-- Data for Name: account; Type: TABLE DATA; Schema: public; Owner: skynet
--

INSERT INTO public.account (id, owner_id, bank_id, balance, currency, opening_date) OVERRIDING SYSTEM VALUE VALUES (1000000014, 3, 4, 88539788.0, 'USD', '2023-09-03 23:26:08.964988');
INSERT INTO public.account (id, owner_id, bank_id, balance, currency, opening_date) OVERRIDING SYSTEM VALUE VALUES (1000000010, 1, 1, 13373.00, 'USD', '2023-08-30 13:12:01.18197');
INSERT INTO public.account (id, owner_id, bank_id, balance, currency, opening_date) OVERRIDING SYSTEM VALUE VALUES (1000000009, 1, 7, 2656.0, 'BYN', '2023-08-29 23:09:59.260249');
INSERT INTO public.account (id, owner_id, bank_id, balance, currency, opening_date) OVERRIDING SYSTEM VALUE VALUES (1000000011, 2, 2, 800344.9, 'RUB', '2023-08-30 17:39:00.15229');
INSERT INTO public.account (id, owner_id, bank_id, balance, currency, opening_date) OVERRIDING SYSTEM VALUE VALUES (1000000012, 4, 5, 10400.0, 'BYN', '2023-09-02 21:00:06.180625');


--
-- TOC entry 3639 (class 0 OID 16491)
-- Dependencies: 218
-- Data for Name: bank; Type: TABLE DATA; Schema: public; Owner: skynet
--

INSERT INTO public.bank (id, name) OVERRIDING SYSTEM VALUE VALUES (1, 'Clever-Bank');
INSERT INTO public.bank (id, name) OVERRIDING SYSTEM VALUE VALUES (2, 'BSB');
INSERT INTO public.bank (id, name) OVERRIDING SYSTEM VALUE VALUES (3, 'Belinvest');
INSERT INTO public.bank (id, name) OVERRIDING SYSTEM VALUE VALUES (4, 'BelarusBank');
INSERT INTO public.bank (id, name) OVERRIDING SYSTEM VALUE VALUES (5, 'MTB');
INSERT INTO public.bank (id, name) OVERRIDING SYSTEM VALUE VALUES (7, 'Priorbank');


--
-- TOC entry 3640 (class 0 OID 16513)
-- Dependencies: 219
-- Data for Name: transaction; Type: TABLE DATA; Schema: public; Owner: skynet
--

INSERT INTO public.transaction (id, operation_type, amount, from_account_number, to_account_number, date) VALUES (4, 'Снятие 
', -290.3, 1000000010, 1000000010, '2023-09-03 15:20:17.102856');
INSERT INTO public.transaction (id, operation_type, amount, from_account_number, to_account_number, date) VALUES (5, 'Снятие', -9, 1000000010, 1000000010, '2023-09-03 15:20:17.102856');
INSERT INTO public.transaction (id, operation_type, amount, from_account_number, to_account_number, date) VALUES (6, 'Снятие', -0.1, 1000000010, 1000000010, '2023-09-03 15:20:17.102856');
INSERT INTO public.transaction (id, operation_type, amount, from_account_number, to_account_number, date) VALUES (7, 'Снятие', -800.1, 1000000010, 1000000010, '2023-09-03 15:20:17.102856');
INSERT INTO public.transaction (id, operation_type, amount, from_account_number, to_account_number, date) VALUES (8, 'Снятие', -0.1, 1000000010, 1000000010, '2023-09-03 15:20:17.102856');
INSERT INTO public.transaction (id, operation_type, amount, from_account_number, to_account_number, date) VALUES (10, 'Снятие', -0.9, 1000000010, 1000000010, '2023-09-03 15:20:17.102856');
INSERT INTO public.transaction (id, operation_type, amount, from_account_number, to_account_number, date) VALUES (11, 'Пополнение', 2000.99, 1000000010, 1000000010, '2023-09-03 15:20:17.102856');
INSERT INTO public.transaction (id, operation_type, amount, from_account_number, to_account_number, date) VALUES (12, 'Пополнение', 0.1, 1000000010, 1000000010, '2023-09-03 15:20:17.102856');
INSERT INTO public.transaction (id, operation_type, amount, from_account_number, to_account_number, date) VALUES (1, 'Снятие 
', -1, 1000000010, 1000000010, '2023-09-03 15:20:17.102856');
INSERT INTO public.transaction (id, operation_type, amount, from_account_number, to_account_number, date) VALUES (2, 'Снятие 
', -1, 1000000010, 1000000010, '2023-09-03 15:20:17.102856');
INSERT INTO public.transaction (id, operation_type, amount, from_account_number, to_account_number, date) VALUES (3, 'Снятие 
', -99.9, 1000000010, 1000000010, '2023-09-03 15:20:17.102856');
INSERT INTO public.transaction (id, operation_type, amount, from_account_number, to_account_number, date) VALUES (14, 'Снятие', -0.1, 1000000009, 1000000009, '2023-09-03 15:20:17.102856');
INSERT INTO public.transaction (id, operation_type, amount, from_account_number, to_account_number, date) VALUES (15, 'Перевод', 99.0, 1000000009, 1000000010, '2023-09-03 15:20:17.102856');
INSERT INTO public.transaction (id, operation_type, amount, from_account_number, to_account_number, date) VALUES (16, 'Перевод', 98.0, 1000000009, 1000000011, '2023-09-03 15:20:17.102856');
INSERT INTO public.transaction (id, operation_type, amount, from_account_number, to_account_number, date) VALUES (17, 'Перевод', 198.0, 1000000011, 1000000010, '2023-09-03 15:20:17.102856');
INSERT INTO public.transaction (id, operation_type, amount, from_account_number, to_account_number, date) VALUES (18, 'Перевод', 100.0, 1000000009, 1000000011, '2023-09-03 15:20:17.102856');
INSERT INTO public.transaction (id, operation_type, amount, from_account_number, to_account_number, date) VALUES (19, 'Перевод', 13.0, 1000000011, 1000000009, '2023-09-03 15:20:17.102856');
INSERT INTO public.transaction (id, operation_type, amount, from_account_number, to_account_number, date) VALUES (20, 'Пополнение', 1013.0, 1000000011, 1000000011, '2023-09-03 15:20:17.102856');
INSERT INTO public.transaction (id, operation_type, amount, from_account_number, to_account_number, date) VALUES (21, 'Перевод', 1100.0, 1000000011, 1000000009, '2023-09-03 15:20:17.102856');
INSERT INTO public.transaction (id, operation_type, amount, from_account_number, to_account_number, date) VALUES (22, 'Снятие', -123.0, 1000000009, 1000000009, '2023-09-03 15:20:17.102856');
INSERT INTO public.transaction (id, operation_type, amount, from_account_number, to_account_number, date) VALUES (23, 'Снятие', -90.0, 1000000009, 1000000009, '2023-09-03 15:20:17.102856');
INSERT INTO public.transaction (id, operation_type, amount, from_account_number, to_account_number, date) VALUES (24, 'Пополнение', 10000.0, 1000000011, 1000000011, '2023-09-03 15:20:17.102856');
INSERT INTO public.transaction (id, operation_type, amount, from_account_number, to_account_number, date) VALUES (25, 'Перевод', 5000.0, 1000000011, 1000000009, '2023-09-03 15:20:17.102856');
INSERT INTO public.transaction (id, operation_type, amount, from_account_number, to_account_number, date) VALUES (26, 'Пополнение', 2.0, 1000000010, 1000000010, '2023-09-03 15:20:17.102856');
INSERT INTO public.transaction (id, operation_type, amount, from_account_number, to_account_number, date) VALUES (27, 'Снятие', -1000.0, 1000000011, 1000000011, '2023-09-03 15:20:17.102856');
INSERT INTO public.transaction (id, operation_type, amount, from_account_number, to_account_number, date) VALUES (28, 'Снятие', -1234.0, 1000000009, 1000000009, '2023-09-03 15:20:17.102856');
INSERT INTO public.transaction (id, operation_type, amount, from_account_number, to_account_number, date) VALUES (29, 'Перевод', 92.0, 1000000012, 1000000012, '2023-09-03 15:20:17.102856');
INSERT INTO public.transaction (id, operation_type, amount, from_account_number, to_account_number, date) VALUES (30, 'Перевод', 3000.0, 1000000010, 1000000012, '2023-09-03 15:20:17.102856');
INSERT INTO public.transaction (id, operation_type, amount, from_account_number, to_account_number, date) VALUES (31, 'Пополнение', 887.0, 1000000012, 1000000012, '2023-09-03 15:20:17.102856');
INSERT INTO public.transaction (id, operation_type, amount, from_account_number, to_account_number, date) VALUES (32, 'Пополнение', 908.0, 1000000010, 1000000010, '2023-09-03 15:20:17.102856');
INSERT INTO public.transaction (id, operation_type, amount, from_account_number, to_account_number, date) VALUES (33, 'Снятие', -666.0, 1000000009, 1000000009, '2023-09-03 15:20:17.102856');
INSERT INTO public.transaction (id, operation_type, amount, from_account_number, to_account_number, date) VALUES (34, 'Пополнение', 9999.0, 1000000011, 1000000011, '2023-09-03 15:20:17.102856');
INSERT INTO public.transaction (id, operation_type, amount, from_account_number, to_account_number, date) VALUES (35, 'Снятие', -3.0, 1000000009, 1000000009, '2023-09-03 15:20:17.102856');
INSERT INTO public.transaction (id, operation_type, amount, from_account_number, to_account_number, date) VALUES (36, 'Пополнение', 100.0, 1000000009, 1000000009, '2023-09-03 15:20:17.102856');
INSERT INTO public.transaction (id, operation_type, amount, from_account_number, to_account_number, date) VALUES (37, 'Пополнение', 9898.0, 1000000010, 1000000010, '2023-09-03 15:20:17.102856');
INSERT INTO public.transaction (id, operation_type, amount, from_account_number, to_account_number, date) VALUES (38, 'Снятие', -1000.0, 1000000010, 1000000010, '2023-09-03 15:20:17.102856');
INSERT INTO public.transaction (id, operation_type, amount, from_account_number, to_account_number, date) VALUES (39, 'Перевод', 878.0, 1000000012, 1000000009, '2023-09-03 15:20:17.102856');
INSERT INTO public.transaction (id, operation_type, amount, from_account_number, to_account_number, date) VALUES (40, 'Перевод', 2000.0, 1000000010, 1000000010, '2023-09-03 15:20:17.102856');
INSERT INTO public.transaction (id, operation_type, amount, from_account_number, to_account_number, date) VALUES (41, 'Перевод', 999.0, 1000000011, 1000000011, '2023-09-03 15:20:17.102856');
INSERT INTO public.transaction (id, operation_type, amount, from_account_number, to_account_number, date) VALUES (42, 'Перевод', 75.0, 1000000009, 1000000011, '2023-09-03 15:20:17.102856');
INSERT INTO public.transaction (id, operation_type, amount, from_account_number, to_account_number, date) VALUES (43, 'Перевод', 6.0, 1000000010, 1000000009, '2023-09-03 15:20:17.102856');
INSERT INTO public.transaction (id, operation_type, amount, from_account_number, to_account_number, date) VALUES (44, 'Снятие', -90.0, 1000000009, 1000000009, '2023-09-03 15:20:17.102856');
INSERT INTO public.transaction (id, operation_type, amount, from_account_number, to_account_number, date) VALUES (45, 'Снятие', -889.0, 1000000011, 1000000011, '2023-09-03 15:20:17.102856');
INSERT INTO public.transaction (id, operation_type, amount, from_account_number, to_account_number, date) VALUES (46, 'Снятие', -1000.0, 1000000012, 1000000012, '2023-09-03 15:20:17.102856');
INSERT INTO public.transaction (id, operation_type, amount, from_account_number, to_account_number, date) VALUES (47, 'Снятие', -16.0, 1000000009, 1000000009, '2023-09-03 15:20:17.102856');
INSERT INTO public.transaction (id, operation_type, amount, from_account_number, to_account_number, date) VALUES (48, 'Пополнение', 123.0, 1000000012, 1000000012, '2023-09-03 15:20:17.102856');
INSERT INTO public.transaction (id, operation_type, amount, from_account_number, to_account_number, date) VALUES (49, 'Пополнение', 222.0, 1000000010, 1000000010, '2023-09-03 15:20:17.102856');
INSERT INTO public.transaction (id, operation_type, amount, from_account_number, to_account_number, date) VALUES (50, 'Перевод', 123.0, 1000000012, 1000000009, '2023-09-03 15:20:17.102856');
INSERT INTO public.transaction (id, operation_type, amount, from_account_number, to_account_number, date) VALUES (51, 'Перевод', 923.0, 1000000009, 1000000010, '2023-09-03 15:20:17.102856');
INSERT INTO public.transaction (id, operation_type, amount, from_account_number, to_account_number, date) VALUES (52, 'Перевод', 184.0, 1000000011, 1000000009, '2023-09-03 15:20:17.102856');
INSERT INTO public.transaction (id, operation_type, amount, from_account_number, to_account_number, date) VALUES (53, 'Перевод', 184.0, 1000000011, 1000000009, '2023-09-03 15:20:17.102856');
INSERT INTO public.transaction (id, operation_type, amount, from_account_number, to_account_number, date) VALUES (54, 'Снятие', -184.0, 1000000011, 1000000011, '2023-09-03 15:20:17.102856');
INSERT INTO public.transaction (id, operation_type, amount, from_account_number, to_account_number, date) VALUES (55, 'Снятие', -1000.0, 1000000009, 1000000009, '2023-09-03 15:20:17.102856');
INSERT INTO public.transaction (id, operation_type, amount, from_account_number, to_account_number, date) VALUES (56, 'Перевод', 4000.0, 1000000011, 1000000010, '2023-09-03 15:20:17.102856');
INSERT INTO public.transaction (id, operation_type, amount, from_account_number, to_account_number, date) VALUES (57, 'Снятие', -2.0, 1000000009, 1000000009, '2023-09-03 15:20:17.102856');
INSERT INTO public.transaction (id, operation_type, amount, from_account_number, to_account_number, date) VALUES (58, 'Снятие', -98.0, 1000000009, 1000000009, '2023-09-03 15:20:17.102856');
INSERT INTO public.transaction (id, operation_type, amount, from_account_number, to_account_number, date) VALUES (59, 'Перевод', 2500.0, 1000000012, 1000000011, '2023-09-03 15:20:17.102856');
INSERT INTO public.transaction (id, operation_type, amount, from_account_number, to_account_number, date) VALUES (60, 'Перевод', 123.0, 1000000012, 1000000010, '2023-09-03 15:20:17.102856');
INSERT INTO public.transaction (id, operation_type, amount, from_account_number, to_account_number, date) VALUES (61, 'Перевод', 900.0, 1000000009, 1000000012, '2023-09-03 15:20:17.102856');
INSERT INTO public.transaction (id, operation_type, amount, from_account_number, to_account_number, date) VALUES (62, 'Пополнение', 23.0, 1000000012, 1000000012, '2023-09-03 15:20:17.102856');
INSERT INTO public.transaction (id, operation_type, amount, from_account_number, to_account_number, date) VALUES (63, 'Пополнение', 999.0, 1000000011, 1000000011, '2023-09-03 15:20:17.102856');
INSERT INTO public.transaction (id, operation_type, amount, from_account_number, to_account_number, date) VALUES (64, 'Снятие', -268.0, 1000000010, 1000000010, '2023-09-03 15:22:19.192351');
INSERT INTO public.transaction (id, operation_type, amount, from_account_number, to_account_number, date) VALUES (65, 'Снятие', -1.0, 1000000012, 1000000012, '2023-09-03 15:26:29.535305');
INSERT INTO public.transaction (id, operation_type, amount, from_account_number, to_account_number, date) VALUES (66, 'Снятие', -9000.99, 1000000010, 1000000010, '2023-09-03 15:27:57.75504');
INSERT INTO public.transaction (id, operation_type, amount, from_account_number, to_account_number, date) VALUES (67, 'Снятие', -99.0, 1000000012, 1000000012, '2023-09-03 15:30:41.707591');
INSERT INTO public.transaction (id, operation_type, amount, from_account_number, to_account_number, date) VALUES (68, 'Снятие', -499.0, 1000000011, 1000000011, '2023-09-03 15:32:47.921977');
INSERT INTO public.transaction (id, operation_type, amount, from_account_number, to_account_number, date) VALUES (69, 'Пополнение', 1000000.0, 1000000011, 1000000011, '2023-09-03 17:38:21.222998');
INSERT INTO public.transaction (id, operation_type, amount, from_account_number, to_account_number, date) VALUES (70, 'Перевод', 13000.0, 1000000011, 1000000012, '2023-09-03 17:45:26.96912');
INSERT INTO public.transaction (id, operation_type, amount, from_account_number, to_account_number, date) VALUES (71, 'Снятие', -50000.0, 1000000011, 1000000011, '2023-09-03 17:46:02.759667');
INSERT INTO public.transaction (id, operation_type, amount, from_account_number, to_account_number, date) VALUES (72, 'Пополнение', 555.0, 1000000009, 1000000009, '2023-09-03 17:55:36.34684');
INSERT INTO public.transaction (id, operation_type, amount, from_account_number, to_account_number, date) VALUES (73, 'Снятие', -60000.0, 1000000011, 1000000011, '2023-09-03 17:57:06.181869');
INSERT INTO public.transaction (id, operation_type, amount, from_account_number, to_account_number, date) VALUES (74, 'Пополнение', 455.0, 1000000009, 1000000009, '2023-09-03 18:08:21.786642');
INSERT INTO public.transaction (id, operation_type, amount, from_account_number, to_account_number, date) VALUES (75, 'Снятие', -5000.0, 1000000012, 1000000012, '2023-09-03 18:09:20.677284');
INSERT INTO public.transaction (id, operation_type, amount, from_account_number, to_account_number, date) VALUES (76, 'Перевод', 5000.0, 1000000012, 1000000009, '2023-09-03 18:10:08.223014');
INSERT INTO public.transaction (id, operation_type, amount, from_account_number, to_account_number, date) VALUES (77, 'Баланс', 0, 1000000009, 1000000009, '2023-09-03 18:24:39.740073');
INSERT INTO public.transaction (id, operation_type, amount, from_account_number, to_account_number, date) VALUES (78, 'Снятие', -143.0, 1000000010, 1000000010, '2023-09-03 18:39:17.180928');
INSERT INTO public.transaction (id, operation_type, amount, from_account_number, to_account_number, date) VALUES (79, 'Снятие', -57.0, 1000000010, 1000000010, '2023-09-03 19:08:06.327627');
INSERT INTO public.transaction (id, operation_type, amount, from_account_number, to_account_number, date) VALUES (80, 'WITHDRAWAL', -90000.0, 1000000011, 1000000011, '2023-09-03 19:12:37.345793');
INSERT INTO public.transaction (id, operation_type, amount, from_account_number, to_account_number, date) VALUES (81, 'TRANSFER', 10.0, 1000000009, 1000000010, '2023-09-03 19:28:21.252607');
INSERT INTO public.transaction (id, operation_type, amount, from_account_number, to_account_number, date) VALUES (82, 'TRANSFER', 90.0, 1000000009, 1000000011, '2023-09-03 19:35:19.630831');
INSERT INTO public.transaction (id, operation_type, amount, from_account_number, to_account_number, date) VALUES (83, 'WITHDRAWAL', -810.0, 1000000010, 1000000010, '2023-09-03 19:37:53.247118');
INSERT INTO public.transaction (id, operation_type, amount, from_account_number, to_account_number, date) VALUES (84, 'TRANSFER', 910.0, 1000000009, 1000000010, '2023-09-03 19:39:24.002953');
INSERT INTO public.transaction (id, operation_type, amount, from_account_number, to_account_number, date) VALUES (85, 'TRANSFER', 3463.0, 1000000009, 1000000010, '2023-09-03 19:40:46.605397');
INSERT INTO public.transaction (id, operation_type, amount, from_account_number, to_account_number, date) VALUES (86, 'TRANSFER', 90.0, 1000000011, 1000000009, '2023-09-03 19:41:46.899386');
INSERT INTO public.transaction (id, operation_type, amount, from_account_number, to_account_number, date) VALUES (87, 'WITHDRAWAL', -745.0, 1000000012, 1000000012, '2023-09-03 19:42:31.323494');
INSERT INTO public.transaction (id, operation_type, amount, from_account_number, to_account_number, date) VALUES (88, 'WITHDRAWAL', -55.0, 1000000012, 1000000012, '2023-09-03 19:44:39.605025');
INSERT INTO public.transaction (id, operation_type, amount, from_account_number, to_account_number, date) VALUES (89, 'Снятие', -856.0, 1000000011, 1000000011, '2023-09-03 19:46:25.810322');
INSERT INTO public.transaction (id, operation_type, amount, from_account_number, to_account_number, date) VALUES (90, 'Снятие', -144.0, 1000000011, 1000000011, '2023-09-03 19:47:44.123');
INSERT INTO public.transaction (id, operation_type, amount, from_account_number, to_account_number, date) VALUES (91, 'Пополнение', 1001.0, 1000000011, 1000000011, '2023-09-03 19:55:55.848837');
INSERT INTO public.transaction (id, operation_type, amount, from_account_number, to_account_number, date) VALUES (92, 'Баланс', 0, 1000000010, 1000000010, '2023-09-03 20:09:00.971764');
INSERT INTO public.transaction (id, operation_type, amount, from_account_number, to_account_number, date) VALUES (93, 'Баланс', 0, 1000000012, 1000000012, '2023-09-03 20:50:54.297177');
INSERT INTO public.transaction (id, operation_type, amount, from_account_number, to_account_number, date) VALUES (94, 'Баланс', 0, 1000000012, 1000000012, '2023-09-03 20:51:16.841712');
INSERT INTO public.transaction (id, operation_type, amount, from_account_number, to_account_number, date) VALUES (95, 'Баланс', 0, 1000000012, 1000000012, '2023-09-03 22:02:54.561676');
INSERT INTO public.transaction (id, operation_type, amount, from_account_number, to_account_number, date) VALUES (96, 'Баланс', 0, 1000000012, 1000000012, '2023-09-03 22:05:18.172347');
INSERT INTO public.transaction (id, operation_type, amount, from_account_number, to_account_number, date) VALUES (97, 'Снятие', -627.0, 1000000009, 1000000009, '2023-09-03 22:07:49.358712');
INSERT INTO public.transaction (id, operation_type, amount, from_account_number, to_account_number, date) VALUES (98, 'Баланс', 0, 1000000012, 1000000012, '2023-09-03 22:10:58.417826');
INSERT INTO public.transaction (id, operation_type, amount, from_account_number, to_account_number, date) VALUES (99, 'Баланс', 0, 1000000012, 1000000012, '2023-09-03 22:14:04.454087');
INSERT INTO public.transaction (id, operation_type, amount, from_account_number, to_account_number, date) VALUES (100, 'Баланс', 0, 1000000010, 1000000010, '2023-09-03 22:14:54.816147');
INSERT INTO public.transaction (id, operation_type, amount, from_account_number, to_account_number, date) VALUES (101, 'Баланс', 0, 1000000009, 1000000009, '2023-09-03 22:43:54.363491');
INSERT INTO public.transaction (id, operation_type, amount, from_account_number, to_account_number, date) VALUES (102, 'Баланс', 0, 1000000009, 1000000009, '2023-09-03 22:44:42.892601');
INSERT INTO public.transaction (id, operation_type, amount, from_account_number, to_account_number, date) VALUES (103, 'Баланс', 0, 1000000012, 1000000012, '2023-09-03 22:45:48.825509');
INSERT INTO public.transaction (id, operation_type, amount, from_account_number, to_account_number, date) VALUES (104, 'Баланс', 0, 1000000012, 1000000012, '2023-09-03 22:50:35.809225');
INSERT INTO public.transaction (id, operation_type, amount, from_account_number, to_account_number, date) VALUES (105, 'Снятие', -0.1, 1000000011, 1000000011, '2023-09-03 23:03:20.258395');
INSERT INTO public.transaction (id, operation_type, amount, from_account_number, to_account_number, date) VALUES (106, 'Выписка', 0, 1000000011, 1000000011, '2023-09-03 23:04:06.133588');
INSERT INTO public.transaction (id, operation_type, amount, from_account_number, to_account_number, date) VALUES (107, 'Выписка', 0, 1000000009, 1000000009, '2023-09-03 23:58:50.541162');
INSERT INTO public.transaction (id, operation_type, amount, from_account_number, to_account_number, date) VALUES (108, 'Перевод', 344.0, 1000000009, 1000000011, '2023-09-04 00:10:05.442415');
INSERT INTO public.transaction (id, operation_type, amount, from_account_number, to_account_number, date) VALUES (109, 'Снятие', -83654.0, 1000000014, 1000000014, '2023-09-04 00:13:29.452667');
INSERT INTO public.transaction (id, operation_type, amount, from_account_number, to_account_number, date) VALUES (110, 'Пополнение', 7000.0, 1000000012, 1000000012, '2023-09-04 00:16:06.243678');
INSERT INTO public.transaction (id, operation_type, amount, from_account_number, to_account_number, date) VALUES (111, 'Выписка', 0, 1000000014, 1000000014, '2023-09-04 00:16:53.696768');
INSERT INTO public.transaction (id, operation_type, amount, from_account_number, to_account_number, date) VALUES (112, 'Пополнение', 87623442, 1000000014, 1000000014, '2023-09-04 00:17:34.386276');
INSERT INTO public.transaction (id, operation_type, amount, from_account_number, to_account_number, date) VALUES (113, 'Выписка', 0, 1000000014, 1000000014, '2023-09-04 00:17:47.470469');


--
-- TOC entry 3635 (class 0 OID 16458)
-- Dependencies: 214
-- Data for Name: users; Type: TABLE DATA; Schema: public; Owner: skynet
--

INSERT INTO public.users (id, first_name, last_name) VALUES (2, 'Ivan', 'Ivanov');
INSERT INTO public.users (id, first_name, last_name) VALUES (3, 'Peter', 'Petrov');
INSERT INTO public.users (id, first_name, last_name) VALUES (4, 'Nikolay', 'Nikolaevi4');
INSERT INTO public.users (id, first_name, last_name) VALUES (1, 'Vasiliy', 'Vasiliev');


--
-- TOC entry 3647 (class 0 OID 0)
-- Dependencies: 215
-- Name: account_id_seq; Type: SEQUENCE SET; Schema: public; Owner: skynet
--

SELECT pg_catalog.setval('public.account_id_seq', 1000000014, true);


--
-- TOC entry 3648 (class 0 OID 0)
-- Dependencies: 217
-- Name: bank_id_seq; Type: SEQUENCE SET; Schema: public; Owner: skynet
--

SELECT pg_catalog.setval('public.bank_id_seq', 7, true);


--
-- TOC entry 3649 (class 0 OID 0)
-- Dependencies: 220
-- Name: transaction_id_seq; Type: SEQUENCE SET; Schema: public; Owner: skynet
--

SELECT pg_catalog.setval('public.transaction_id_seq', 113, true);


--
-- TOC entry 3480 (class 2606 OID 16475)
-- Name: account account_pkey; Type: CONSTRAINT; Schema: public; Owner: skynet
--

ALTER TABLE ONLY public.account
    ADD CONSTRAINT account_pkey PRIMARY KEY (bank_id, owner_id);


--
-- TOC entry 3486 (class 2606 OID 16497)
-- Name: bank bank_pkey; Type: CONSTRAINT; Schema: public; Owner: skynet
--

ALTER TABLE ONLY public.bank
    ADD CONSTRAINT bank_pkey PRIMARY KEY (id);


--
-- TOC entry 3482 (class 2606 OID 16489)
-- Name: account pk; Type: CONSTRAINT; Schema: public; Owner: skynet
--

ALTER TABLE ONLY public.account
    ADD CONSTRAINT pk UNIQUE (owner_id, bank_id);


--
-- TOC entry 3488 (class 2606 OID 16520)
-- Name: transaction transaction_pkey; Type: CONSTRAINT; Schema: public; Owner: skynet
--

ALTER TABLE ONLY public.transaction
    ADD CONSTRAINT transaction_pkey PRIMARY KEY (id);


--
-- TOC entry 3484 (class 2606 OID 16555)
-- Name: account unique_id; Type: CONSTRAINT; Schema: public; Owner: skynet
--

ALTER TABLE ONLY public.account
    ADD CONSTRAINT unique_id UNIQUE (id);


--
-- TOC entry 3478 (class 2606 OID 16464)
-- Name: users users_pkey; Type: CONSTRAINT; Schema: public; Owner: skynet
--

ALTER TABLE ONLY public.users
    ADD CONSTRAINT users_pkey PRIMARY KEY (id);


--
-- TOC entry 3489 (class 2606 OID 16508)
-- Name: account account_bank_fk; Type: FK CONSTRAINT; Schema: public; Owner: skynet
--

ALTER TABLE ONLY public.account
    ADD CONSTRAINT account_bank_fk FOREIGN KEY (bank_id) REFERENCES public.bank(id) ON UPDATE CASCADE ON DELETE CASCADE NOT VALID;


--
-- TOC entry 3490 (class 2606 OID 16503)
-- Name: account account_owner_fk; Type: FK CONSTRAINT; Schema: public; Owner: skynet
--

ALTER TABLE ONLY public.account
    ADD CONSTRAINT account_owner_fk FOREIGN KEY (owner_id) REFERENCES public.users(id) ON UPDATE CASCADE ON DELETE CASCADE NOT VALID;


--
-- TOC entry 3491 (class 2606 OID 16556)
-- Name: transaction trans_from_acc_fk; Type: FK CONSTRAINT; Schema: public; Owner: skynet
--

ALTER TABLE ONLY public.transaction
    ADD CONSTRAINT trans_from_acc_fk FOREIGN KEY (from_account_number) REFERENCES public.account(id) ON UPDATE CASCADE NOT VALID;


--
-- TOC entry 3492 (class 2606 OID 16561)
-- Name: transaction trans_to_acc_fk; Type: FK CONSTRAINT; Schema: public; Owner: skynet
--

ALTER TABLE ONLY public.transaction
    ADD CONSTRAINT trans_to_acc_fk FOREIGN KEY (to_account_number) REFERENCES public.account(id) ON UPDATE CASCADE NOT VALID;


-- Completed on 2023-09-04 00:21:28 +03

--
-- PostgreSQL database dump complete
--

